UserID,LengthOfScreenName,LengthOfDescriptionInUserProfile,NumberOfFollowings,NumberOfFollowers,NumberOfTweets,AccountAge(hours),FollowingsOnFollowersRatio,ReputationScore,TweetsOnLifetimeRatio,AverageTweetsPerDay,LinksOnTweetsRatio,AverageNumberOfLinksPerTweet,AtSignsOnTweetsRatio,ConsecutiveTweetsAverageTimeDiff,ConsecutiveTweetsMaxTimeDiff,AvgLengthOfTweet,TotalPunctuations
6301,8,132,3269,3071,861,29227.50972222222,1.0644741126668837,0.48438485804416404,0.029458548065946433,4.0,0.14634146341463414,0.705,0.06968641114982578,492.2197654941374,4416.416666666667,90.555,1204
10836,9,134,1949,793,226,31908.958333333332,2.4577553593947035,0.28920495988329686,0.007082650509587825,2.2247191011235956,0.5265486725663717,0.6565656565656566,0.25663716814159293,4396.333756345178,127484.0,84.68686868686869,1275
10997,12,158,1119,9644,38674,30543.367222222223,0.11603069265864786,0.8960327046362538,1.2661996209724458,49.25,0.0013445725810622123,0.26903553299492383,0.0026632879971039973,28.432738095238093,730.9666666666667,98.9746192893401,1094
633293,11,121,2174,6029,12718,26543.324444444443,0.36059047934980926,0.7349750091429965,0.4791411877068736,10.526315789473685,0.005032237773234785,0.32,0.005975782355716308,125.86113902847572,1247.1666666666667,74.875,941
717883,6,70,7731,7029,873,26528.194444444445,1.0998719590268886,0.47621951219512193,0.03290838363795333,9.523809523809524,0.15578465063001146,0.69,0.024054982817869417,218.8540201005025,5906.033333333334,99.91,1299
763068,6,35,120,130,686,30281.94027777778,0.9230769230769231,0.52,0.02265376636065216,3.5636363636363635,0.13411078717201166,0.46938775510204084,0.1588921282798834,463.8304273504273,4680.733333333334,86.93367346938776,1282
783705,8,68,1660,23977,23205,28480.31388888889,0.06923301497268215,0.9352498342239731,0.8147733234447615,10.421052631578947,0.0027149321266968325,0.3181818181818182,0.0053867700926524455,132.2808798646362,1533.7166666666667,59.91414141414141,572
788352,14,106,1320,969,3528,25029.87888888889,1.3622291021671826,0.4233289646133683,0.14095154098273038,7.576923076923077,0.017857142857142856,0.3299492385786802,0.02834467120181406,180.56471088435376,1367.7166666666667,91.82233502538071,793
810011,13,59,11239,10537,2749,25442.085833333334,1.0666223782860396,0.4838813372520206,0.10804931710427437,6.25,0.07057111676973445,0.97,0.0029101491451436886,224.32604690117253,741.6333333333333,75.895,1237
815299,10,120,3779,3920,1830,27298.835,0.9640306122448979,0.5091570333809585,0.06703582771938803,3.7735849056603774,0.08415300546448087,0.77,0.03989071038251366,407.9807370184255,2916.05,93.615,1088
817045,5,63,12848,12933,2315,24855.060833333333,0.9934276656614861,0.5016485008339475,0.09313998527395813,6.666666666666667,0.08552915766738661,0.99,0.0008639308855291577,232.77897822445559,3982.9666666666667,105.82,2624
1091571,13,101,3697,5129,7819,24652.454166666666,0.7208032754922987,0.5811239519601178,0.31716923382712575,10.0,0.005883105256426653,0.23,0.014963550326128661,139.18006700167504,1533.15,77.94,832
1303381,14,119,2990,3367,2361,24611.98222222222,0.888030888030888,0.5296523517382413,0.0959288845035914,2.6315789473684212,0.013553578991952562,0.16,0.03430749682337993,632.6603852596315,5173.666666666667,108.0,875
1322691,9,22,13117,17053,893,24558.07,0.7691901718172756,0.5652303612860458,0.036362792352982135,4.133333333333334,0.17245240761478164,0.8279569892473119,0.05263157894736842,376.97036036036036,2861.65,79.52688172043011,930
1467621,9,134,4942,7445,20577,25091.96222222222,0.66380120886501,0.601033341406313,0.8200634058733107,22.22222222222222,0.005491568255819605,0.57,0.0027214851533265295,54.85,1347.4333333333334,87.485,846
1599001,7,89,1591,1683,488,25607.312222222223,0.9453357100415924,0.5140500916310323,0.01905705666276486,2.0618556701030926,0.3975409836065574,0.97,0.01639344262295082,1761.0556951423785,24319.466666666667,96.095,1192
1907361,6,73,4995,4570,3033,26075.34888888889,1.0929978118161925,0.4777835859905907,0.11631675621768606,32.5,0.06396307286515002,1.2923076923076924,0.04154302670623145,46.330068728522335,2337.3166666666666,101.76410256410256,2277
2077351,12,138,1076,1370,1977,24837.198055555556,0.7854014598540145,0.5600981193785772,0.07959835065041836,7.6923076923076925,0.04552352048558422,0.505,0.026302478502781994,180.7994137353434,2625.55,83.965,992
2157321,9,50,10316,12272,1896,24948.126111111113,0.840612777053455,0.5432973260138126,0.07599769183287802,1.8867924528301887,0.0189873417721519,0.18,0.037447257383966245,1925.4841708542713,35783.316666666666,74.935,652
2219081,8,0,2001,1534,3681,25688.595,1.3044328552803128,0.4339462517680339,0.14329316180974475,33.333333333333336,0.05433306166802499,1.0,0.0,38.68333333333334,404.21666666666664,62.42,931
2243161,8,115,8266,8134,1309,24386.52361111111,1.0162281780181952,0.49597560975609756,0.053677187485779515,3.389830508474576,0.1489686783804431,0.975,0.0007639419404125286,436.8499162479062,2848.4333333333334,78.055,1000
2269491,7,157,745,829,1064,24696.495,0.8986731001206273,0.5266836086404066,0.04308303668192592,2.6986301369863015,0.05075187969924812,0.27411167512690354,0.06672932330827068,708.8619047619047,5483.216666666666,83.54314720812182,796
2695911,8,146,3452,3467,1146,25770.6825,0.9956734929333718,0.501083971672207,0.044469136585730706,7.4,0.15357766143106458,1.037837837837838,0.006980802792321117,191.78269927536235,2912.116666666667,147.45405405405404,1993
2884771,8,138,62962,1234960,4068,27087.016666666666,0.05098302779037378,0.9514901511801171,0.15018265208239373,10.263157894736842,0.04400196656833825,0.9179487179487179,0.005653883972468043,132.40807560137458,1622.1833333333334,76.26153846153846,982
3060631,8,43,9214,8372,6667,25285.855,1.1005733397037745,0.4760605026725805,0.2636651993772803,17.818181818181817,0.028348582570871455,0.9642857142857143,0.0014999250037498126,76.0,895.0,104.45408163265306,1550
3076591,11,114,18059,17113,3551,25863.222222222223,1.055279611990884,0.48655180257022634,0.1372992108055626,22.22222222222222,0.04984511405237961,0.885,0.005350605463249789,55.89405360134003,334.53333333333336,84.015,1002
3291901,8,105,6071,5913,2072,24118.670555555556,1.0267207847116524,0.4934078771695594,0.08590854936333671,5.806451612903226,0.030405405405405407,0.35,0.03957528957528957,314.93472998137804,5004.616666666667,95.60555555555555,851
3881391,6,139,17100,16779,8002,24649.573055555556,1.0191310566779903,0.4952625520233773,0.32463036913316834,9.0,0.006498375406148463,0.32275132275132273,0.01612096975756061,149.72402482269504,2144.883333333333,86.32804232804233,818
3908631,10,155,1998,1797,3523,27740.376666666667,1.1118530884808013,0.4735177865612648,0.12699899652888635,10.352941176470589,0.03803576497303435,0.7613636363636364,0.017882486517172863,131.45180952380952,1474.9333333333334,65.0625,924
4046051,9,55,9811,8951,2195,26067.971388888887,1.0960786504301196,0.4770813346125147,0.08420294649147837,5.378378378378378,0.05148063781321185,0.5829145728643216,0.04009111617312073,262.67382154882154,1691.3,108.5678391959799,1154
4567451,8,38,1715,620,5667,26131.188055555554,2.7661290322580645,0.26552462526766596,0.21686729236924923,10.473684210526315,0.028586553732133403,0.8140703517587939,0.005823186871360508,132.71666666666667,1426.95,90.82412060301507,1003
5169871,11,37,1060,299,264,24437.00222222222,3.5451505016722407,0.22001471670345843,0.010803289110475544,2.689189189189189,0.3712121212121212,0.49246231155778897,0.22348484848484848,3079.9023569023566,70119.06666666667,78.71859296482413,1085
5414782,4,67,7133,7060,1950,24131.12222222222,1.0103399433427762,0.4974283097301487,0.08080850869854099,6.666666666666667,0.10256410256410256,1.0,0.0005128205128205128,214.9113065326633,2163.266666666667,70.785,1034
5439702,6,105,13746,15414,4901,24420.306111111113,0.8917866874270144,0.5286008230452675,0.20069363494874745,6.0606060606060606,0.0071413997143440116,0.18,0.028565598857376046,348.4555276381909,9459.583333333334,113.025,950
5448632,8,116,786,341,71,24498.19111111111,2.304985337243402,0.3025732031943212,0.0028981731621726993,5.7,0.4788732394366197,0.5964912280701754,0.19718309859154928,26247.933035714286,1458981.15,85.75438596491227,330
5609382,6,130,8172,7567,1670,23557.77611111111,1.079952425003304,0.4807802274604486,0.07088954373805847,3.508771929824561,0.09221556886227544,0.77,0.03053892215568862,580.5038525963149,6169.383333333333,126.34,1211
5693062,8,121,18933,17429,8103,24082.35638888889,1.0862929600091802,0.47931906935812113,0.336470396382746,50.0,0.024311983216092806,0.985,0.0007404664938911515,19.900670016750418,170.05,119.15,1471
5732162,14,99,22318,22359,1151,27828.261388888888,0.9981662865065521,0.5004588490722296,0.04136083041319875,1.8181818181818181,0.16941789748045177,1.03,0.011294526498696786,1375.7975711892798,10727.1,125.45,1887
5751742,7,37,4851,4472,12101,28095.4975,1.0847495527728086,0.47967392470234904,0.4307095825585576,12.375,0.009255433435253285,0.5757575757575758,0.006363110486736634,105.79170896785111,1255.4,113.3989898989899,1303
5775622,7,143,13782,13694,743,23434.03722222222,1.0064261720461516,0.4983986024166545,0.031706017744796526,2.91044776119403,0.18304172274562583,0.7025641025641025,0.13728129205921938,727.668556701031,9264.366666666667,103.06153846153846,1235
5884032,9,14,5223,5118,57,23237.871666666666,1.0205158264947245,0.49492312155497536,0.002452892451496024,1.2666666666666666,0.38596491228070173,0.38596491228070173,0.14035087719298245,24887.34017857143,501678.06666666665,92.54385964912281,239
5925162,7,157,8054,8000,2983,23613.202777777777,1.00675,0.49831817615547525,0.1263276323873897,10.0,0.0670465973851827,1.0,0.0,136.4033500837521,1023.95,83.375,1173
5925682,9,36,16967,15424,11152,23214.435833333333,1.1000389004149378,0.4761816553981044,0.48039073962706325,12.5,0.017844332855093258,1.44,0.001793400286944046,110.96298157453936,1739.0333333333333,80.72,1516
5971902,9,74,10937,11365,423,24175.268055555556,0.9623405191377035,0.5095955519684333,0.01749722067312479,1.8761904761904762,0.3073286052009456,0.700507614213198,0.12056737588652482,1381.1679421768708,12066.183333333332,82.3248730964467,1174
6002602,8,145,16593,15082,1224,24388.926666666666,1.1001856517703223,0.4761483820047356,0.05018671041694058,3.98,0.15849673202614378,0.9748743718592965,0.004901960784313725,523.2282828282828,18734.866666666665,93.83417085427136,1331
6087712,14,151,14379,13072,5757,23151.799444444445,1.099984700122399,0.4761939455757532,0.248663176865134,12.5,0.03282959874934862,0.95,0.008858780614903595,104.24380234505863,550.4833333333333,98.805,1388
6154322,7,144,2597,10097,7730,23100.16277777778,0.25720511042884026,0.7954151567669765,0.3346296766114659,15.307692307692308,0.014359637774902975,0.5628140703517588,0.011772315653298835,138.3523569023569,5209.166666666667,76.82914572864321,846
6267832,8,51,191,174,63,23154.54,1.0977011494252873,0.4767123287671233,0.002720848697490859,4.428571428571429,0.6666666666666666,0.6774193548387096,0.09523809523809523,22773.393715846996,1363459.2833333334,81.24193548387096,378
6332272,11,133,4302,5119,2870,27298.735,0.8403985153350264,0.5433605774333935,0.10513307667919411,16.583333333333332,0.008362369337979094,0.12060301507537688,0.047386759581881537,75.69915824915824,1294.8333333333333,84.20603015075378,730
6333392,11,15,9018,9111,2769,23560.80277777778,0.9897925584458347,0.5025649511831871,0.1175257068325228,2.1739130434782608,0.04405922715781871,0.61,0.0010834236186348862,789.8248743718593,5158.95,92.205,1005
6356472,11,115,1869,1431,2176,23536.573333333334,1.3060796645702306,0.43363636363636365,0.09245186073532086,19.9,0.03308823529411765,0.36180904522613067,0.0703125,111.09031986531987,9907.25,85.95979899497488,917
6774442,12,156,339,150,53,23417.863611111112,2.26,0.3067484662576687,0.0022632295106054423,1.394736842105263,0.1509433962264151,0.16981132075471697,0.32075471698113206,14631.209294871796,140929.33333333334,95.50943396226415,286
6859412,13,157,3512,4492,1072,23657.52972222222,0.7818343722172751,0.5612193903048476,0.04531326865429396,3.3728813559322033,0.049440298507462684,0.2814070351758794,0.09794776119402986,484.6914141414142,4978.116666666667,100.82412060301507,1047
6861662,12,104,3673,3567,1281,23160.24638888889,1.029716848892627,0.49267955801104973,0.055310292407534954,7.407407407407407,0.156128024980484,1.015,0.0,193.5032663316583,960.0,135.82,1739
6871812,9,81,9072,16454,4164,27207.98222222222,0.5513552935456424,0.6445976651257541,0.15304332258049763,11.058823529411764,0.028097982708933718,0.6223404255319149,0.040345821325648415,126.48351158645276,1992.5666666666666,96.17553191489361,951
6901952,6,0,949,82,6,23411.966944444444,11.573170731707316,0.07953443258971872,0.000256279193210794,1.5,0.0,0.0,0.0,280904.96,1403196.3,63.166666666666664,25
6902602,8,68,462,127,11,22930.47888888889,3.6377952755905514,0.21561969439728354,0.00047971087098970793,1.375,0.5454545454545454,0.5454545454545454,0.0,137581.35333333333,1046922.5333333333,57.09090909090909,49
7024522,5,48,1659,738,44,23098.519444444446,2.247967479674797,0.3078848560700876,0.0019048839950901132,2.4444444444444446,0.6136363636363636,0.6136363636363636,0.18181818181818182,17497.90852713178,287745.11666666664,99.3409090909091,226
7082702,12,147,20300,20006,1640,24817.996666666666,1.0146955913226032,0.49635290031260854,0.06608107906641404,2.094736842105263,0.03719512195121951,0.35175879396984927,0.06951219512195123,1373.4823232323233,18271.066666666666,95.81909547738694,891
7087112,13,155,14368,23308,55415,22987.595,0.6164407070533723,0.6186431680645503,2.4106480038472924,11.705882352941176,0.002580528737706397,0.7185929648241206,0.0014616980961833438,161.64368686868687,3915.1,81.31658291457286,840
7103212,8,54,858,811,589,25708.803055555556,1.057953144266338,0.4859197124026363,0.02291044039379032,4.127659574468085,0.19185059422750425,0.5824742268041238,0.22071307300509338,432.5491364421416,5696.333333333333,69.94845360824742,1131
7159492,6,19,1400,1147,3865,23116.616666666665,1.2205754141238012,0.4503337259521005,0.16719574735922285,9.090909090909092,0.0517464424320828,1.005,0.000258732212160414,151.59874371859297,885.1333333333333,137.305,2418
7251502,9,111,7207,8420,2672,22503.644444444446,0.855938242280285,0.53881103218788,0.11873632320295774,13.76923076923077,0.02881736526946108,0.4301675977653631,0.036676646706586824,93.9823970037453,1381.8166666666666,85.1340782122905,781
7283562,13,156,20390,20677,755,21988.26027777778,0.9861198433041544,0.5034942898190762,0.034336504592090596,2.0408163265306123,0.16688741721854305,0.65,0.03576158940397351,1679.7897822445561,20097.833333333332,83.615,1137
7350652,6,115,99778,97754,7574,26374.909722222223,1.0207050350880782,0.4948767794585181,0.287166859707524,22.11111111111111,0.011222603644045419,0.4271356783919598,0.006469500924214418,60.86658249158249,677.05,63.4070351758794,604
7361162,13,85,392,102,81,22035.971944444445,3.843137254901961,0.20647773279352227,0.0036758079110016818,3.391304347826087,0.6666666666666666,0.6923076923076923,0.2716049382716049,17170.840692640693,868104.6166666667,93.66666666666667,434
7400262,13,155,3051,3534,818,21723.346666666668,0.8633276740237691,0.5366742596810934,0.037655339784968676,2.5384615384615383,0.10880195599022005,0.4494949494949495,0.17114914425427874,1272.0098138747885,17418.1,97.1919191919192,911
7540482,8,16,12313,12244,16421,23231.354166666668,1.0056354132636394,0.49859510526530115,0.7068464404697316,11.764705882352942,0.002070519456793131,0.17,0.006333353632543694,128.1783082077052,3076.5333333333333,76.81,907
7545332,8,58,3374,3164,2001,25090.055277777778,1.0663716814159292,0.48394004282655245,0.07975271388789178,4.666666666666667,0.07796101949025487,0.7959183673469388,0.00399800099950025,306.5712820512821,1592.85,118.8265306122449,1334
7601182,7,50,1053,491,456,21908.198055555556,2.144602851323829,0.3180051813471503,0.020814126239121065,1.3333333333333333,0.006578947368421052,0.015,0.0021929824561403508,1669.9678391959799,12637.283333333333,81.535,635
7721172,11,160,2245,2246,4121,23163.149444444443,0.9995547640249333,0.5001113337786685,0.17791190312370928,4.295454545454546,0.019412763892259162,0.42857142857142855,0.0300897840330017,369.4280141843971,2935.483333333333,98.13756613756614,919
7831092,8,92,17866,16330,918,22537.388333333332,1.0940600122473974,0.477541232892736,0.04073231496136827,4.048780487804878,0.1056644880174292,0.6144578313253012,0.1383442265795207,392.3177777777778,2805.8166666666666,111.23493975903614,1041
7891352,12,153,11325,11076,3299,21729.131666666668,1.022481040086674,0.4944422124012321,0.15182383035861458,6.451612903225806,0.04759017884207335,0.785,0.011518642012731131,216.10108877721945,838.65,87.2,1077
7891802,8,135,903,908,91,22566.38111111111,0.9944933920704846,0.5013804527885146,0.0040325473345477585,1.3582089552238805,0.42857142857142855,0.43956043956043955,0.2857142857142857,10624.339814814815,87557.86666666667,95.20879120879121,333
7934702,15,156,876,511,2122,25017.61111111111,1.7142857142857142,0.3684210526315789,0.0848202488469234,21.77777777777778,0.01649387370405278,0.17857142857142858,0.060320452403393024,61.267606837606834,1146.0833333333333,80.75510204081633,559
7946942,5,14,1830,1623,1228,22840.800833333335,1.1275415896487986,0.47002606429192006,0.053763438898687184,6.896551724137931,0.0024429967426710096,0.015,0.0,197.2713567839196,526.7333333333333,76.05,565
7950312,15,38,4447,4048,1177,24561.101944444443,1.0985671936758894,0.4765155974102413,0.04792130266232739,3.23728813559322,0.12064570943075616,0.774869109947644,0.056074766355140186,1026.1748245614035,18033.366666666665,87.83246073298429,1093
7957772,7,47,33928,31295,22928,21566.347222222223,1.0841348458220164,0.4798154025420481,1.0631378491567043,10.0,0.008679344033496163,0.995,0.000654221912072575,138.82378559463987,1619.2,97.79,1191
7967132,10,66,1879,1768,1470,21215.833055555555,1.0627828054298643,0.48478201261310666,0.06928787552912363,33.166666666666664,0.1326530612244898,1.6180904522613064,0.0006802721088435374,39.00479797979798,563.8,74.47236180904522,1694
7977182,8,123,7704,7027,1790,22820.42861111111,1.0963426782410701,0.4770212477089132,0.0784384916911009,4.837837837837838,0.061452513966480445,0.6424581005586593,0.05921787709497207,400.1253745318352,7200.083333333333,113.28491620111731,1183
8014432,8,43,688,551,484,22007.8675,1.2486388384754992,0.4447134786117837,0.02199213531251949,2.641509433962264,0.25826446280991733,0.9,0.13429752066115702,853.8952038369305,9854.483333333334,111.47857142857143,827
8014472,7,62,1837,1829,625,22567.72527777778,1.0043739748496445,0.4989088925259138,0.027694417239979053,1.9509803921568627,0.2752,0.8693467336683417,0.2112,1979.9569023569024,29445.566666666666,80.01005025125629,1015
8066562,11,36,660,7210,2524,23157.05861111111,0.09153952843273232,0.9161372299872935,0.10899484439655674,2.7183098591549295,0.04160063391442155,0.5544041450777202,0.030903328050713153,1360.8975694444446,33626.36666666667,82.28497409326425,1049
8180582,10,40,1944,744,224,21416.8825,2.6129032258064515,0.2767857142857143,0.010459038564552988,2.150537634408602,0.8482142857142857,0.95,0.08482142857142858,2256.057537688442,68998.8,99.885,1265
8205942,15,139,1065,791,886,23962.3075,1.3463969658659924,0.4261853448275862,0.03697473626027043,4.975,0.11286681715575621,0.507537688442211,0.17155756207674944,403.184175084175,6963.55,100.71859296482413,1018
8208482,7,31,705,206,121,24733.76027777778,3.4223300970873787,0.2261251372118551,0.004892098841465416,2.0,0.4462809917355372,0.4666666666666667,0.4132231404958678,12470.148459383752,824560.7333333333,97.58333333333333,771
8245052,15,139,1777,901,1152,21442.541944444445,1.9722530521642618,0.3364451082897685,0.05372497360549513,4.925,0.05295138888888889,0.3096446700507614,0.08246527777777778,360.4063775510204,4353.8,95.36548223350253,776
8293982,8,92,1444,1092,1806,25890.71138888889,1.3223443223443223,0.4305993690851735,0.06975474612779674,3.1,0.035437430786267994,0.34408602150537637,0.04152823920265781,788.8235135135135,10049.016666666666,76.68817204301075,765
8377772,15,98,10293,9794,1906,20701.245555555557,1.0509495609556871,0.48757903121421814,0.09207175456592225,2.5641025641025643,0.026757607555089193,0.255,0.05456453305351522,818.2255443886097,10859.433333333332,93.235,901
8431212,10,58,2001,889,91,21829.449444444443,2.2508436445444318,0.30761245674740484,0.0041686804897023795,8.0,0.24175824175824176,0.25,0.7032967032967034,389.4038314176245,19095.216666666667,82.88636363636364,297
8440552,11,36,5986,7160,376,20605.554166666665,0.8360335195530726,0.5446523657386277,0.018247507296273075,1.7217391304347827,0.2978723404255319,0.5656565656565656,0.21808510638297873,1879.560067681895,22381.683333333334,61.888888888888886,1058
8571252,12,115,3644,3312,3330,23814.699166666665,1.1002415458937198,0.4761357101782634,0.13982960593770535,10.555555555555555,0.05315315315315315,0.9315789473684211,0.014714714714714715,124.59885361552028,1152.0666666666666,117.82631578947368,1510
8614702,9,61,1772,819,95,20839.800555555557,2.1636141636141635,0.31609417213431107,0.004558584893686736,3.1666666666666665,0.042105263157894736,0.042105263157894736,0.5368421052631579,12974.407269503547,701354.15,104.42105263157895,569
8729092,10,75,3549,3225,1688,20839.16638888889,1.1004651162790697,0.47608503100088573,0.08100132071021875,4.081632653061225,0.08945497630331753,0.755,0.0231042654028436,585.992797319933,7145.483333333334,92.9,1028
8773632,6,15,16613,17094,1427,24461.44027777778,0.9718614718614719,0.5071350164654226,0.05833671213940625,7.035714285714286,0.01751927119831815,0.12690355329949238,0.011913104414856343,199.85093537414966,1404.0333333333333,84.7005076142132,739
8833312,13,145,10691,13605,5243,22696.801666666666,0.7858140389562661,0.5599687191307211,0.23100171015284754,27.0,0.004958992942971581,0.13756613756613756,0.022506198741178714,47.52624113475177,869.65,79.73544973544973,514
8865022,14,18,1917,1052,1106,20723.970555555556,1.8222433460076046,0.3543280565847087,0.053368151485985886,5.0,0.18083182640144665,1.0,0.0009041591320072332,288.4766331658291,3403.1666666666665,76.925,1299
8894582,11,73,805,705,752,21004.463888888888,1.1418439716312057,0.46688741721854304,0.03580191353504619,2.094736842105263,0.18882978723404256,0.7236180904522613,0.09574468085106383,3010.986195286195,146462.76666666666,89.70854271356784,1210
9028902,15,20,146,64,6,24743.31777777778,2.28125,0.3047619047619048,0.00024248971192491656,1.5,0.5,0.5,0.0,3268.19,13070.183333333332,53.666666666666664,20
9045162,7,128,6757,6784,4213,20070.792222222222,0.9960200471698113,0.5009969721586294,0.2099070108122289,8.904761904761905,0.02159981011155946,0.48663101604278075,0.001661523854735343,209.2924731182796,6752.7,94.61497326203208,817
9082652,12,61,21041,23332,2602,20497.566944444443,0.9018086747814161,0.525815248011178,0.1269418954479977,3.69811320754717,0.03843197540353574,0.5153061224489796,0.028823981552651805,444.7788888888889,3260.5333333333333,97.37244897959184,1083
9126092,8,156,1749,1006,16381,22315.1,1.7385685884691848,0.36515426497277675,0.734076925489915,98.0,0.00042732433917343264,0.03571428571428571,0.007142421097613088,8.34025641025641,391.76666666666665,58.06122448979592,697
9222382,7,109,1896,1159,99,23356.394722222223,1.635893011216566,0.37937806873977087,0.004238667875646381,1.8775510204081634,0.35353535353535354,0.391304347826087,0.5454545454545454,3765.794322344322,124356.73333333334,76.55434782608695,479
9237672,7,29,589,422,966,21288.828611111112,1.3957345971563981,0.41740850642927796,0.045375911359247977,2.25,0.19358178053830227,0.9494949494949495,0.010351966873706004,1154.9338409475465,16022.966666666667,69.45454545454545,1212
9256422,11,151,20255,19726,4439,22235.905277777776,1.0268173983574977,0.49338435756984567,0.19963207904273045,6.0606060606060606,0.006758278891642262,0.155,0.03131335886460915,318.5326633165829,10168.85,94.695,825
9283632,13,71,10270,9517,11857,21234.91,1.0791215719239255,0.4809723555870016,0.5583729810957523,10.764705882352942,0.011132664248966855,0.7540983606557377,0.005819347221050856,126.54954212454213,1446.8666666666666,98.43169398907104,1289
9285422,12,71,875,740,1382,22747.28583333333,1.1824324324324325,0.4582043343653251,0.06075450100402089,3.8461538461538463,0.1345875542691751,0.93,0.026772793053545588,448.65778894472356,4536.75,84.9,959
9337172,6,38,5835,5420,9,22450.82638888889,1.0765682656826567,0.48156374944469127,0.00040087611226881955,1.5,0.8888888888888888,0.8888888888888888,0.3333333333333333,20152.310416666667,84796.76666666666,100.0,73
9337212,14,14,2547,2694,3,19964.18527777778,0.9454342984409799,0.5140240412135089,0.0001502690922899475,1.0,1.0,1.0,0.3333333333333333,3518.6583333333333,4058.95,73.33333333333333,13
9376622,7,149,9762,8874,5213,20630.460833333334,1.1000676132521974,0.4761751448808757,0.25268461243372614,5.608695652173913,0.016497218492230962,0.6666666666666666,0.023594859006330328,331.21002604166665,4452.15,103.88372093023256,931
9502542,7,158,8189,7444,26752,20195.269166666665,1.1000806018269746,0.47617219983368514,1.324666672140996,11.705882352941176,0.002728767942583732,0.36683417085427134,0.005008971291866029,167.97937710437708,5197.1,121.20100502512562,978
9520902,13,27,2852,2794,3111,20813.91,1.0207587687902648,0.4948636202621325,0.14946735140105824,22.22222222222222,0.00932176149148184,0.145,0.05785920925747348,129.2329145728643,4164.966666666666,35.775,433
9545532,11,79,3529,3312,7749,19407.362222222222,1.0655193236714975,0.4841397456512206,0.39928146397592756,24.571428571428573,0.0006452445476835721,0.029069767441860465,0.017163504968383016,50.600389863547754,1026.6,77.75,797
9571962,9,60,1999,945,52,20832.089444444446,2.1153439153439155,0.320991847826087,0.002496149036738487,1.53125,0.3269230769230769,0.3469387755102041,0.36538461538461536,25335.568750000002,631550.25,96.91836734693878,256
9596392,9,48,1805,1732,1080,19872.249444444446,1.042147806004619,0.48968052021487135,0.05434714389124823,2.5316455696202533,0.17962962962962964,0.975,0.07962962962962963,1228.2500837520938,10860.733333333334,82.1,1013
9633112,6,64,1121,561,284,19889.12138888889,1.9982174688057042,0.3335315101070155,0.014279162686324462,1.9320388349514563,0.6619718309859155,0.9447236180904522,0.007042253521126761,1998.058164983165,15910.35,92.74371859296483,990
9666402,8,15,897,761,1204,22704.792222222222,1.178712220762155,0.4589867310012063,0.05302845268152641,2.5641025641025643,0.0340531561461794,0.205,0.07308970099667775,2129.2149078726966,43202.03333333333,93.53,859
9751642,6,129,11631,11326,2729,19746.3525,1.026929189475543,0.4933571459685499,0.1382027389615373,8.608695652173912,0.047636496885305975,0.6565656565656566,0.054598754122389154,164.07893401015227,1030.4,82.16161616161617,943
9767082,9,34,1963,1941,941,23494.529444444444,1.011334363730036,0.49718237704918034,0.040051876851805196,2.2222222222222223,0.206163655685441,0.97,0.01381509032943677,844.953852596315,5949.3,85.44,1561
9783422,11,35,854,868,813,19965.913333333334,0.9838709677419355,0.5040650406504065,0.04071939942976146,2.985074626865672,0.23001230012300122,0.935,0.17589175891758918,484.9497487437186,2102.85,130.31,1548
9814222,6,78,2414,2887,709,19031.599444444444,0.8361621059923796,0.5446142237313715,0.037253831558911134,4.3023255813953485,0.16784203102961917,0.6432432432432432,0.07757404795486601,604.1002717391304,9742.366666666667,95.32432432432432,1005
9819072,6,39,22121,24910,1154,19201.56777777778,0.8880369329586512,0.5296506559503307,0.06009925925608736,12.4,0.029462738301559793,0.1881720430107527,0.12391681109185441,193.95549549549548,9823.616666666667,91.58602150537635,706
9836582,14,65,68782,69108,64812,19836.0475,0.99528274584708,0.5011821016752483,3.267384795282427,66.0,0.0006480281429364932,0.2222222222222222,0.00283898043572178,19.429018612521148,682.25,82.28787878787878,758
9922242,8,83,2072,4283,3490,19174.595,0.4837730562689703,0.6739575137686861,0.18201166700000704,6.533333333333333,0.010601719197707736,0.18877551020408162,0.03495702005730659,219.0720512820513,1933.9833333333333,94.31632653061224,805
9934462,7,55,1389,2594,5225,23868.47111111111,0.5354664610639939,0.6512678885262365,0.21890803041706716,4.534883720930233,0.03138755980861244,0.8512820512820513,0.013779904306220095,342.965206185567,4741.05,85.45641025641025,1125
10046572,7,51,3800,3604,17084,19690.723611111112,1.0543840177580466,0.48676391139924363,0.8676166674931038,18.181818181818183,0.011706860220088973,1.01,0.0,68.4354271356784,994.8666666666667,118.22,1592
10105822,13,108,5352,4938,4015,19467.351666666666,1.0838396111786148,0.47988338192419827,0.20624274265691508,18.181818181818183,0.049813200498132,1.0,0.0007471980074719801,73.36264656616414,787.25,70.765,1059
10193122,9,106,13002,12073,3791,20352.48638888889,1.0769485629089703,0.4814755732801595,0.18626716793038295,3.1774193548387095,0.03534687417567924,0.6802030456852792,0.018464785017145872,603.9147959183674,7132.516666666666,93.7005076142132,1041
10197782,5,152,5644,6444,15559,18895.1725,0.8758535071384234,0.5330906684315023,0.8234378384214275,27.571428571428573,0.0017353300340638858,0.13989637305699482,0.006941320136255543,47.07256944444444,861.2833333333333,89.89119170984456,724
10278192,14,0,797,387,50,20607.3875,2.0594315245478034,0.3268581081081081,0.0024263143496476686,12.5,0.9,0.9,0.0,25233.14149659864,1232431.3333333333,133.86,436
10336042,11,156,22456,20471,22263,21402.97638888889,1.0969664403302233,0.4768793533207538,1.0401824304939935,25.0,0.00035934060998068547,0.04,0.006513048555899924,50.380569514237855,1421.7333333333333,99.27,1480
10433782,8,107,1326,3185,26308,21688.33777777778,0.4163265306122449,0.7060518731988472,1.2130021336607733,32.833333333333336,0.0074121940094267905,0.9898477157360406,0.00011403375399118139,40.97695578231293,370.23333333333335,136.03045685279187,1710
10492902,9,147,4748,4589,3890,19000.444444444445,1.034648071475267,0.49148548784406126,0.2047320530513906,11.764705882352942,0.04575835475578406,0.89,0.004884318766066838,113.6103852596315,959.8666666666667,76.665,1038
10500072,12,159,12335,11226,9192,20056.367777777778,1.0987885266345983,0.4764653452739697,0.4583083089543576,15.307692307692308,0.0026109660574412533,0.12060301507537688,0.01642732811140122,83.20648148148149,1193.7666666666667,71.60301507537689,1402
10667662,7,86,53675,58173,2311,18656.902777777777,0.9226789060216939,0.5201076460911237,0.12386836269268822,3.0303030303030303,0.08524448290783211,0.985,0.0034617048896581565,478.93927973199334,2975.133333333333,73.31,961
10697222,12,157,2292,5081,3265,22207.895,0.4510923046644361,0.6891360368913604,0.14701978733238788,10.055555555555555,0.03828483920367534,0.6906077348066298,0.014701378254211332,140.54472222222222,1275.0,100.03867403314918,1048
10736862,10,64,7282,6620,1025,22258.00277777778,1.1,0.47619047619047616,0.04605085237132561,3.618181818181818,0.08097560975609756,0.41708542713567837,0.08,527.9824915824915,5609.583333333333,96.60804020100502,1070
10746692,15,0,986,407,49,18340.58861111111,2.4226044226044228,0.2921751615218952,0.002671669979572781,2.933333333333333,0.3469387755102041,0.45454545454545453,0.0,25589.995348837212,726596.4833333333,96.81818181818181,242
10778972,8,58,1716,688,7489,21796.94027777778,2.494186046511628,0.28618968386023297,0.34358033304496033,16.818181818181817,0.0036052877553745494,0.14594594594594595,0.005474696221124315,72.2024456521739,858.1833333333333,50.945945945945944,470
10779802,6,146,19802,19928,16219,19771.47611111111,0.9936772380570053,0.5015857034986156,0.820323172071371,40.0,0.01233121647450521,1.0,0.0,30.314154103852594,182.31666666666666,72.905,1113
10793242,8,24,5453,5992,1406,18868.67722222222,0.9100467289719626,0.5235474006116208,0.07451502738857128,3.4310344827586206,0.01422475106685633,0.10552763819095477,0.06116642958748222,1758.976851851852,30209.116666666665,92.01005025125629,641
10845372,8,159,3650,3328,4641,19718.216944444444,1.0967548076923077,0.4769274863857839,0.23536610906938973,20.0,0.043094160741219564,1.0,0.0,59.9997487437186,239.81666666666666,69.325,1014
10870512,6,117,3426,3116,7,18183.687777777777,1.0994865211810012,0.4763069397737695,0.0003849604153759545,1.0,0.42857142857142855,0.7142857142857143,0.0,159917.54444444444,405614.5333333333,97.85714285714286,47
10987282,5,27,12453,11320,19489,20573.104444444445,1.1000883392226148,0.47617044546334075,0.9473047712671678,100.0,0.010262199189286263,1.0,5.131099594643132e-05,4.726968174204355,58.61666666666667,103.24,1723
11009092,8,158,1926,1414,3100,18886.924722222222,1.3620933521923622,0.4233532934131736,0.1641347146554019,13.333333333333334,0.0635483870967742,0.995,0.0012903225806451613,104.78877721943049,483.8666666666667,121.06,1749
11015372,14,139,504,222,1592,22574.850833333334,2.27027027027027,0.30578512396694213,0.0705209532392259,2.272727272727273,0.07977386934673367,0.645,0.029522613065326633,980.2350083752093,10425.116666666667,99.34,1171
11041822,12,62,15899,15673,2122,18046.036944444444,1.0144197026733874,0.49642087926010386,0.11758814450688951,9.85,0.08718190386427899,0.9746192893401016,0.0051837888784165885,177.27304421768704,5986.016666666666,87.53299492385787,2222
11073902,8,135,5661,8850,3280,20239.191666666666,0.6396610169491526,0.6098821583626215,0.16206180829850336,4.558139534883721,0.032621951219512196,0.5459183673469388,0.04024390243902439,465.2917948717948,7905.916666666667,97.53061224489795,959
11228722,6,0,1894,1302,87,18693.4625,1.4546850998463903,0.4073842302878598,0.00465403346223312,3.739130434782609,0.9655172413793104,0.9767441860465116,0.09195402298850575,4792.972352941176,148436.28333333333,78.19767441860465,554
11294262,7,6,3105,2852,190,19535.00083333333,1.0887096774193548,0.47876447876447875,0.009726132167642175,1.709090909090909,0.5526315789473685,0.5585106382978723,0.29473684210526313,5919.893404634581,476719.7166666667,97.72872340425532,964
11305742,15,59,4529,4674,2320,18068.540277777778,0.9689773213521609,0.5078778659132891,0.1283999683612147,16.5,0.08232758620689655,0.9646464646464646,0.0034482758620689655,80.1595600676819,485.3666666666667,67.66666666666667,961
11341332,11,61,20436,20866,603,18258.016111111112,0.9793923128534457,0.5052055590528304,0.033026589325498394,4.0,0.30016583747927034,0.905,0.05306799336650083,666.9881909547738,15457.016666666666,88.405,1479
11403052,6,0,16,7,4,21392.729166666668,2.2857142857142856,0.30434782608695654,0.00018697941570880293,1.0,1.0,1.0,0.75,2204.811111111111,2256.0333333333333,97.0,37
11403462,8,93,12486,12952,823,18936.896944444445,0.9640210006176653,0.5091595251198994,0.04346012984146514,2.73972602739726,0.0850546780072904,0.365,0.10328068043742406,521.0564489112228,1822.1666666666667,73.1,866
11410012,9,134,12294,11957,20704,20173.199444444443,1.0281843271723676,0.49305183291410665,1.0263121651583995,66.66666666666667,0.005409582689335394,0.58,0.0,8.910552763819096,89.38333333333334,89.325,985
11422132,12,16,2394,8493,3082,20569.531666666666,0.28187919463087246,0.7801047120418848,0.14983326066652466,13.266666666666667,0.007462686567164179,0.11557788944723618,0.028877352368591822,104.6939393939394,1039.35,80.92964824120602,448
11488822,9,58,167,92,130,22831.996944444443,1.815217391304348,0.3552123552123552,0.005693763901437103,1.6666666666666667,0.46153846153846156,0.46153846153846156,0.26153846153846155,10272.423643410852,288048.2,87.66153846153846,658
11525652,8,160,1985,258,88,19602.625277777777,7.6937984496124034,0.11502452073116362,0.004489194623322208,1.2753623188405796,0.9886363636363636,0.9886363636363636,0.0,13476.683716475096,874158.8166666667,123.18181818181819,667
11547732,13,153,1765,629,24,18587.639444444445,2.8060413354531,0.2627401837928154,0.0012911806295647307,1.8461538461538463,0.7083333333333334,0.7916666666666666,0.2916666666666667,7786.086231884058,38810.03333333333,94.95833333333333,139
11605832,15,103,4020,4373,2415,20280.02472222222,0.9192773839469471,0.52102942928631,0.11908269506958333,5.128205128205129,0.07950310559006211,0.96,0.00041407867494824016,277.85971524288107,1820.6,88.375,1147
11637322,12,39,4283,10615,85,18966.445277777777,0.403485633537447,0.7125117465431602,0.004481598884509534,2.1578947368421053,0.5058823529411764,0.524390243902439,0.2,14048.861728395063,370524.43333333335,79.89024390243902,363
11662532,7,64,17778,17682,8583,19535.37583333333,1.005429250084832,0.49864636209813873,0.4393567891002524,3.4482758620689653,0.02330187580100198,1.03,0.0019806594430851684,443.691541038526,3521.4166666666665,102.945,1341
11721472,15,66,1973,1188,572,18258.40611111111,1.6607744107744107,0.3758304334071496,0.03132803578357865,8.333333333333334,0.05944055944055944,0.185,0.11013986013986014,210.2741206030151,4912.683333333333,119.3,1258
11749762,12,148,666,618,1297,18927.151388888888,1.0776699029126213,0.48130841121495327,0.06852589559575241,50.0,0.12413261372397841,0.805,0.0,24.803685092127303,645.5,91.27,1177
11756702,8,71,14099,12844,32,20416.785277777777,1.0977109934599814,0.47671009167501766,0.0015673378332890502,2.909090909090909,0.28125,0.28125,0.28125,39212.241397849466,614581.45,77.75,124
11778632,13,159,2523,2293,19590,18477.373333333333,1.1003052769297863,0.47612126245847175,1.0602156294942355,25.0,0.0014293006636038796,0.14,0.004900459418070444,53.952428810720264,849.0,69.4,681
11786162,7,0,1614,715,801,19004.075555555555,2.257342657342657,0.3069987118935165,0.042148853684484525,4.4222222222222225,0.2484394506866417,1.0050251256281406,0.0024968789013732834,1919.3462121212121,259474.51666666666,86.66331658291458,1064
11862162,8,32,1328,509,1249,22284.720555555556,2.6090373280943027,0.27708219923788785,0.05604737097269213,2.5166666666666666,0.03763010408326661,0.32450331125827814,0.0688550840672538,734.1229999999999,4232.3,72.39735099337749,630
11879272,9,160,34252,39345,2267,18088.0075,0.8705553437539713,0.5346005951329538,0.12533165966455953,7.76,0.027348919276576972,0.32989690721649484,0.05866784296426996,185.74084628670118,2026.7666666666667,104.58247422680412,867
11908322,7,0,668,708,1196,17847.293333333335,0.943502824858757,0.5145348837209303,0.06701296256313749,6.225806451612903,0.15551839464882944,0.9792746113989638,0.007525083612040134,239.78828124999998,3059.7166666666667,91.88601036269431,1159
11920772,8,126,693,2553,17525,21614.260555555556,0.27144535840188017,0.7865064695009242,0.8108072887784039,40.0,0.011355206847360914,0.995,5.7061340941512125e-05,29.22169179229481,667.3666666666667,93.5,827
11929882,7,86,195,56,164,20304.937777777777,3.482142857142857,0.22310756972111553,0.00807685311793891,1.2255639097744362,0.4573170731707317,0.49079754601226994,0.11585365853658537,7506.942695473252,636000.1166666667,96.79754601226993,975
11996952,11,26,712,5828,97,17892.735833333332,0.12216884008236102,0.891131498470948,0.005421194439102685,1.2763157894736843,0.6494845360824743,0.6494845360824743,0.1134020618556701,6500.991840277778,134496.51666666666,68.94845360824742,398
12022042,12,37,1700,2011,5040,17688.158055555556,0.8453505718547986,0.5419024521692266,0.28493639553480926,9.090909090909092,0.03948412698412698,0.995,0.0,157.8929648241206,2661.266666666667,64.825,924
12031352,10,105,2001,917,260,18753.785555555554,2.1821155943293347,0.3142563399588759,0.013863867603145251,4.081632653061225,0.3346153846153846,0.445,0.05,2347.1690117252933,192141.83333333334,49.14,813
12037882,8,147,18786,17558,14260,18516.84,1.0699396286593006,0.48310587717367376,0.7701098027525215,7.85,0.004488078541374474,0.42038216560509556,0.006732117812061711,202.99326923076924,6574.983333333334,105.29936305732484,948
12085042,12,13,19963,19857,779,21297.714722222223,1.0053381679004885,0.4986690105474636,0.03657669426791526,3.7735849056603774,0.0410783055198973,0.16,0.15917843388960207,2985.8585427135677,291746.15,93.59,900
12198062,9,107,213,108,102,20834.758611111112,1.9722222222222223,0.3364485981308411,0.004895665071233593,1.8214285714285714,1.0,1.0196078431372548,0.8823529411764706,12372.816171617162,651687.45,98.22549019607843,585
12317562,7,59,240,626,2657,17230.7075,0.38338658146964855,0.7228637413394919,0.1542014452975886,7.791666666666667,0.01279638690252164,0.18181818181818182,0.032743695897628905,205.47535842293905,3658.6666666666665,60.04812834224599,672
12357122,8,74,4249,4116,2364,17469.323333333334,1.032312925170068,0.4920502092050209,0.13532292893619044,4.7317073170731705,0.03341793570219966,0.4072164948453608,0.01734348561759729,409.3155440414507,6946.766666666666,84.96907216494846,1060
12441712,8,55,30922,30271,2174,17777.448888888888,1.021505731558257,0.4946807641396892,0.12228976236060368,2.73972602739726,0.028518859245630176,0.31,0.04829806807727691,802.365661641541,7078.1,90.86,856
12447572,8,154,11449,10413,507,19008.784722222223,1.0994910208393354,0.47630591894611657,0.026671878681822914,1.6129032258064515,0.23274161735700197,0.59,0.16568047337278108,2018.597906197655,11529.7,80.685,1007
12449542,14,53,1774,8155,79,20376.919166666667,0.2175352544451257,0.8213314533185618,0.003876935436306347,1.8571428571428572,0.31645569620253167,0.32051282051282054,0.02531645569620253,15632.922077922078,830749.25,106.91025641025641,393
12465192,9,114,597,597,850,18091.2775,1.0,0.5,0.046983967826484334,3.0555555555555554,0.19176470588235295,1.2484848484848485,0.0035294117647058825,765.8987804878049,14801.966666666667,131.5818181818182,1992
12470242,5,56,6228,6229,449,18920.345833333333,0.9998394605875742,0.5000401380749779,0.023731067283609818,2.5316455696202533,0.1514476614699332,0.365,0.2071269487750557,1329.8798157453934,21684.966666666667,120.635,1289
12511062,13,159,1980,1801,812,17814.57972222222,1.0993892282065518,0.4763290134884951,0.04558064308343446,2.73972602739726,0.08374384236453201,0.34,0.08251231527093596,605.5324958123954,4014.483333333333,86.005,873
12516722,9,157,13181,14242,4042,17654.385555555556,0.9255020362308665,0.519345075301754,0.2289516101979571,16.0,0.01855517070757051,0.390625,0.029935675408213756,84.19973821989528,1435.7333333333333,88.453125,1208
12524522,7,156,14706,17533,2400,17685.830555555556,0.8387611931785776,0.5438444120475201,0.13570185423076445,4.0,0.035416666666666666,0.5271739130434783,0.022083333333333333,428.7232240437159,5576.466666666666,112.45652173913044,921
12552662,15,58,1859,1507,206,17134.778333333332,1.2335766423357664,0.4477124183006536,0.012022332357767104,1.8514851485148516,0.4563106796116505,0.5133689839572193,0.18932038834951456,4219.474731182796,152294.9,79.7379679144385,725
12570402,8,21,38995,38985,30342,21706.104444444445,1.0002565089136848,0.499935880995127,1.397855616039195,66.66666666666667,0.006591523301034869,1.0,3.295761650517435e-05,12.224120603015075,76.28333333333333,73.595,1048
12604592,13,131,8954,8820,197,17367.803055555556,1.0151927437641723,0.4962304489704062,0.011342827838952508,2.4683544303797467,0.817258883248731,0.8256410256410256,0.13705583756345177,5319.568127147766,269440.35,121.31794871794872,1415
12611082,11,66,10365,9556,1100,19718.51027777778,1.084658853076601,0.4796947944380302,0.05578514728060719,2.73972602739726,0.16454545454545455,0.905,0.00909090909090909,1171.103852596315,17351.166666666668,81.07,1134
12614402,14,96,1095,419,21,17173.766666666666,2.613365155131265,0.2767503302509908,0.001222795232263161,1.6153846153846154,0.3333333333333333,0.3333333333333333,0.23809523809523808,51516.66166666667,684441.35,95.04761904761905,80
12691382,9,95,16463,15311,570,18193.646944444445,1.0752400235125072,0.48187197079373073,0.0313296175165174,4.534883720930233,0.2912280701754386,0.8564102564102564,0.021052631578947368,1300.1283505154638,120597.33333333333,81.13846153846154,1003
12720232,9,49,33024,31810,6994,19085.204444444444,1.0381640993398302,0.4906376284048493,0.36646188519274153,25.0,0.028595939376608523,1.0,0.0010008578781812983,48.95435510887772,318.1166666666667,136.385,2194
12728672,12,102,24066,21988,706,17297.673055555555,1.094506094233218,0.4774395275111825,0.04081473836003921,2.5526315789473686,0.11473087818696884,0.4896907216494845,0.0056657223796034,1288.7874784110536,89990.13333333333,110.52061855670104,1031
12738932,11,139,6513,6760,5823,19487.280833333334,0.9634615384615385,0.5093046033300686,0.29881028809517934,4.68,0.011506096513824489,0.7094017094017094,0.013738622703074016,383.6992816091954,7241.25,151.73504273504273,1015
12755642,13,51,914,1098,184,18690.310833333333,0.8324225865209471,0.5457256461232605,0.009844673084400728,2.2933333333333334,0.11956521739130435,0.13372093023255813,0.44565217391304346,2744.1691033138404,151306.6,55.04651162790697,553
12757982,15,72,1102,471,800,21977.700555555555,2.3397027600849256,0.2994278448823903,0.036400532347674326,3.3035714285714284,0.15,0.6486486486486487,0.06625,543.5833333333333,5559.166666666667,109.94054054054054,1224
12767492,11,136,4072,3827,684,17244.74777777778,1.064018813692187,0.48449170781111534,0.03966425075125934,4.825,0.029239766081871343,0.10362694300518134,0.20321637426900585,413.40815972222225,12595.383333333333,91.88601036269431,722
12811112,12,27,1989,501,2704,18166.13,3.970059880239521,0.20120481927710843,0.14884843387116573,100.0,0.07396449704142012,1.0,0.0025887573964497044,12.51398659966499,256.3666666666667,101.115,2489
12822322,11,51,2001,1716,3041,17470.94777777778,1.166083916083916,0.46166263115415657,0.17406039092326797,9.523809523809524,0.059519894771456756,0.985,0.0026307135810588623,162.68450586264657,4413.5,88.24,986
12891732,14,95,1765,1627,324,20568.39222222222,1.084818684695759,0.47965801886792453,0.01575232504803892,12.5,0.6080246913580247,0.985,0.0,110.12822445561139,1153.4,52.94,908
12930392,12,110,8273,8145,2316,18019.14,1.0157151626764886,0.49610183944451214,0.12852999643712187,6.354838709677419,0.059153713298791016,0.6954314720812182,0.022452504317789293,241.946768707483,3825.016666666667,81.09137055837563,1031
12992802,6,64,19808,18917,490,21626.15861111111,1.047100491621293,0.4884958037443512,0.02265774559464515,1.680672268907563,0.1510204081632653,0.38,0.1489795918367347,2807.6540201005027,47466.066666666666,77.265,983
12993022,12,159,9185,11521,6002,20116.547222222223,0.7972398229320371,0.5564087704047136,0.29836134072599435,40.333333333333336,0.00433188937020993,0.23140495867768596,0.009496834388537155,26.358055555555556,611.75,105.15702479338843,567
13027572,11,91,13665,14771,3677,17027.269722222223,0.9251235529077246,0.519447179631453,0.21594771563412551,5.923076923076923,0.03889039978243133,0.9285714285714286,0.012510198531411477,250.9156862745098,2120.05,85.1103896103896,885
13076522,12,86,5839,5316,5129,17505.558055555557,1.098382242287434,0.47655759748991483,0.2929926588871163,33.333333333333336,0.03899395593682979,1.0,0.0,35.277721943048576,339.51666666666665,86.05,1152
13117172,15,147,9661,9161,769,18596.735555555555,1.0545791944110905,0.4867176708107534,0.041351343503417744,1.8691588785046729,0.1352405721716515,0.555,0.013003901170351105,1375.7666666666667,15823.3,116.565,1916
13122832,7,56,9703,8901,744,17288.64361111111,1.0901022357038535,0.4784454955923457,0.043034029547687834,3.8461538461538463,0.04973118279569892,0.195,0.15994623655913978,659.3552763819096,14105.25,89.53,748
13203082,7,0,9281,8456,8429,17971.21222222222,1.0975638599810784,0.4767435304730225,0.46902790394835797,28.142857142857142,0.023371692964764504,1.0,0.00011863803535413454,44.31683673469388,778.0333333333333,82.2741116751269,1455
13225732,11,34,8941,8972,1296,17026.650555555556,0.9965448060633081,0.5008652933623625,0.07611596865580432,3.769230769230769,0.05864197530864197,0.3877551020408163,0.10416666666666667,442.35188034188036,5682.366666666667,71.5,784
13247052,7,158,8452,8693,13824,17503.748888888887,0.9722765443460255,0.5070282881306504,0.7897736700722018,16.583333333333332,0.00390625,0.27638190954773867,0.007161458333333333,121.62037037037037,8091.75,97.63819095477388,994
13267042,13,91,4681,4255,96,17343.597222222223,1.100117508813161,0.47616383169203225,0.005535183893511775,2.4615384615384617,0.9166666666666666,0.9375,0.020833333333333332,4363.061052631579,60866.05,90.84375,614
13372502,7,156,8947,9740,6779,19492.99611111111,0.9185831622176591,0.5212179590089367,0.34776593404930367,7.407407407407407,0.008998377341790825,0.32,0.017701725918277032,207.6281407035176,4019.133333333333,96.235,1026
13372592,12,63,2001,1284,91,19086.324722222223,1.558411214953271,0.3908675799086758,0.004767811578415022,1.9565217391304348,0.5164835164835165,0.5333333333333333,0.07692307692307693,12858.972284644196,374345.63333333336,95.43333333333334,399
13421862,13,53,2088,2186,1146,16850.97611111111,0.9551692589204026,0.5114646700982686,0.06800792977472422,4.761904761904762,0.1736474694589878,0.995,0.0,722.4968174204355,9663.366666666667,60.425,1041
13430962,7,21,4299,3921,1115,16681.5375,1.0964039785768938,0.477007299270073,0.06684036168728452,22.22222222222222,0.17847533632286997,1.005,0.0,57.151842546063655,180.96666666666667,86.93,1428
13458112,10,38,7841,8724,1072,18293.02472222222,0.8987849610270519,0.5266525807425294,0.05860157170715147,2.227272727272727,0.13246268656716417,0.7244897959183674,0.055970149253731345,1056.1546153846155,30228.8,101.59183673469387,1281
13492762,12,136,16652,15138,6688,19689.2375,1.1000132117849122,0.47618748033972946,0.3396779585801634,3.6363636363636362,0.018092105263157895,0.61,0.018241626794258375,1614.0183417085427,24450.033333333333,103.26,1125
13545202,7,86,1089,1719,6139,21260.944166666668,0.6335078534031413,0.6121794871794872,0.28874540810021254,8.695652173913043,0.03257859586251832,1.0,0.0,159.44899497487435,1503.9833333333333,109.315,1668
13571462,7,73,18740,17651,1462,16862.248333333333,1.0616962211772705,0.4850375092742711,0.08670255419675649,6.454545454545454,0.04514363885088919,0.4647887323943662,0.024623803009575923,457.5847517730496,17400.283333333333,93.83098591549296,605
13593132,10,58,5042,5756,4516,17029.719444444443,0.8759555246699097,0.5330616780885349,0.2651834643977791,3.784313725490196,0.0006643046944198405,0.015544041450777202,0.022586359610274578,1123.6821180555555,36156.25,67.26424870466322,551
13596992,12,145,518,332,293,16474.005,1.5602409638554218,0.3905882352941176,0.01778559615588316,4.25531914893617,0.17747440273037543,0.26,0.44368600682593856,2175.786934673367,60479.01666666667,76.57,858
13601052,7,143,1197,1067,2808,20690.365833333333,1.1218369259606373,0.4712897526501767,0.13571533836662064,8.318181818181818,0.03454415954415954,0.5409836065573771,0.03632478632478633,166.24514652014653,1547.5666666666666,106.07650273224044,1348
13639262,7,57,7295,7710,1981,16832.80722222222,0.9461738002594033,0.5138287237587471,0.11768684651629212,10.0,0.02624936900555275,0.26,0.04745078243311459,149.05242881072027,1684.9,57.995,737
13642652,6,79,5091,13075,578,16429.815833333334,0.3893690248565966,0.7197511835296708,0.0351799439423621,2.0833333333333335,0.2577854671280277,0.745,0.09688581314878893,862.3561976549414,8459.916666666666,71.885,923
13688802,12,56,18801,20048,82,16332.779444444444,0.9377992817238627,0.5160493191587943,0.005020578418934819,1.3015873015873016,0.6219512195121951,0.6219512195121951,0.024390243902439025,8955.83086419753,196373.93333333332,109.1951219512195,501
13694202,9,0,1212,268,456,20188.295555555556,4.522388059701493,0.1810810810810811,0.02258734516468453,4.145833333333333,0.14912280701754385,0.4020100502512563,0.06578947368421052,399.71355218855217,5834.9,58.4070351758794,888
13728412,6,66,3846,3716,3557,18593.87888888889,1.034983853606028,0.4914043903729172,0.1912995142786237,11.764705882352942,0.056227157717177394,1.0,0.0,120.71834170854272,2583.15,85.035,1558
13788342,14,102,15181,15858,4966,17678.903333333332,0.9573086139487955,0.5109056348464834,0.28089977677725486,10.473684210526315,0.024768425291985502,0.6381909547738693,0.022754732178815948,136.42306397306396,2437.4,106.1859296482412,1327
13796572,4,76,16114,68016,875,19740.609722222223,0.23691484356621972,0.808463092832521,0.044324872043592596,5.128205128205129,0.176,0.77,0.04228571428571429,361.68341708542715,4264.983333333334,90.24,1153
13808342,10,47,11689,11503,1272,20928.3175,1.0161696948622099,0.49598999655053466,0.06077889443334372,1.9047619047619047,0.15172955974842767,0.97,0.01650943396226415,1154.35,13955.766666666666,70.025,1033
13831152,10,50,2518,3515,765,18876.286944444444,0.7163584637268848,0.5826288745234544,0.04052703809025059,3.7735849056603774,0.08496732026143791,0.325,0.20784313725490197,613.508877721943,5868.716666666666,78.05,751
13852942,10,80,11160,10398,1466,20255.766666666666,1.0732833237160992,0.48232674645143336,0.07237445139079736,2.5789473684210527,0.06957708049113233,0.5255102040816326,0.015006821282401092,556.4615384615385,1760.1833333333334,83.40306122448979,752
13893342,8,45,10684,10890,3275,16917.1575,0.9810835629017447,0.5047742653193659,0.19359044212953622,6.0606060606060606,0.00732824427480916,0.12,0.04305343511450382,722.5617252931323,15768.516666666666,83.96,856
13898062,6,40,528,645,6340,16725.744166666667,0.8186046511627907,0.5498721227621484,0.37905637781039436,5.555555555555555,0.0006309148264984228,0.02,0.0031545741324921135,679.4879396984925,19534.333333333332,51.39,465
14024532,14,21,1420,622,670,17390.810555555556,2.282958199356913,0.3046033300685602,0.03852609387352369,4.25531914893617,0.29701492537313434,0.995,0.025373134328358207,660.871189279732,31664.133333333335,88.715,1311
14025402,10,57,5018,4665,2304,19817.004444444443,1.0756698821007502,0.48177217804399464,0.11626378782217563,5.575757575757576,0.032552083333333336,0.42934782608695654,0.04904513888888889,315.24854280510016,4103.1,83.45652173913044,1014
14057903,12,157,23344,22389,3237,16466.83027777778,1.0426548751619098,0.4895589618000131,0.19657699419956842,3.8461538461538463,0.056533827618164965,0.915,0.007105344454742045,449.8778056951424,4903.4,93.91,1354
14065888,13,134,5204,4837,8069,19246.29138888889,1.0758734752946042,0.48172492779603626,0.4192496017522798,23.285714285714285,0.0013632420374271904,0.06748466257668712,0.016730697732060974,283.50277777777774,13122.283333333333,54.22699386503067,763
14079004,10,66,3040,2933,3274,17676.50388888889,1.0364814183429936,0.49104302695462915,0.18521762111895745,3.510204081632653,0.022602321319486866,0.43023255813953487,0.01832620647525962,504.9521442495127,4204.666666666667,95.56395348837209,765
14087461,14,119,12240,12123,1785,16053.499722222223,1.0096510764662212,0.4975988178795715,0.1111907080005175,6.451612903225806,0.11204481792717087,1.0,0.0033613445378151263,233.7777219430486,4177.483333333334,68.02,915
14088485,13,102,21435,19506,13484,16158.65888888889,1.098892648415872,0.476441708800469,0.8344751933139666,39.8,0.014684070008899437,0.9949748743718593,0.0002966478789676654,28.438973063973066,890.15,72.45226130653266,1086
14095473,10,85,1922,967,3130,20994.115833333333,1.9875904860392968,0.334717895465559,0.14908939365907248,5.5588235294117645,0.042172523961661344,0.7037037037037037,0.008306709265175719,269.6733156028369,3053.9,95.92063492063492,1140
14099861,11,68,209,77,49,18959.953611111112,2.7142857142857144,0.2692307692307692,0.0025843945088180227,1.6896551724137931,0.2653061224489796,0.2653061224489796,0.4897959183673469,11506.637499999999,201134.88333333333,100.10204081632654,215
14100363,13,50,2781,2540,1386,16796.120555555557,1.0948818897637795,0.4773538808494644,0.08251905524347768,20.0,0.004329004329004329,0.03,0.0007215007215007215,65.62160804020101,80.76666666666667,90.235,332
14106080,7,160,1921,3207,2642,16305.335555555555,0.5990021827252884,0.625390015600624,0.1620328505965532,7.333333333333333,0.023088569265707796,0.4025974025974026,0.020060560181680544,186.23442265795205,1389.2333333333333,93.43506493506493,717
14106277,10,46,511,655,247,16608.633611111112,0.7801526717557252,0.5617495711835334,0.01487178330159309,3.508771929824561,0.4898785425101215,0.64,0.4008097165991903,941.9689279731994,14309.55,108.685,1290
14117843,15,159,3093,6335,950,18978.539166666666,0.4882399368587214,0.6719346627068307,0.05005653973982104,5.823529411764706,0.09263157894736843,0.45454545454545453,0.12947368421052632,355.55431472081216,6686.633333333333,105.53030303030303,1044
14118173,13,91,7099,7252,290,16323.1575,0.9789023717595147,0.5053306389798621,0.01776617054635416,3.1746031746031744,0.6275862068965518,0.91,0.06206896551724138,802.1572026800669,6845.783333333334,110.805,1546
14118517,8,140,5416,5544,1680,20125.576944444445,0.976911976911977,0.5058394160583941,0.08347586777947028,10.944444444444445,0.02976190476190476,0.25380710659898476,0.0869047619047619,120.97397959183672,2046.2666666666667,119.00507614213198,1129
14119816,12,160,48525,48611,27007,17484.039166666666,0.9982308530990928,0.500442678306704,1.5446659517606702,100.0,0.00303624986114711,0.41,0.00029621949864849854,7.8389447236180905,15.483333333333333,81.95,740
14119845,12,159,7578,7052,5788,17125.60638888889,1.0745887691435054,0.48202323991797674,0.3379734339658338,18.181818181818183,0.0165860400829302,0.485,0.010539046302695232,73.1322445561139,986.5166666666667,115.58,1098
14121525,10,67,2001,1719,2123,16125.010555555555,1.1640488656195462,0.4620967741935484,0.13165882854374705,3.508771929824561,0.09420631182289213,1.0,0.0,470.6293969849246,3829.5666666666666,79.26,1150
14131099,11,97,2739,2789,6083,16595.52666666667,0.9820724273933309,0.5045224312590448,0.3665445587947595,13.266666666666667,0.003287851389117212,0.10050251256281408,0.02433010027946737,132.45353535353536,3799.9166666666665,89.37688442211055,1149
14133288,13,65,29005,27303,273,18139.408333333333,1.062337472072666,0.4848866946082262,0.015050104996993195,2.127659574468085,0.6886446886446886,0.94,0.003663003663003663,2406.5115577889446,29675.4,109.82,1493
14134831,10,25,774,782,164,15923.823888888888,0.989769820971867,0.5025706940874036,0.010299033771306258,1.8735632183908046,0.40853658536585363,0.4233128834355828,0.21341463414634146,5897.277469135802,183538.18333333332,76.31901840490798,704
14138443,12,131,503,219,100,20407.095,2.2968036529680367,0.3033240997229917,0.004900256503926698,1.6666666666666667,0.61,0.61,0.51,10801.212962962962,177095.6,77.63,483
14138657,3,57,1127,551,212,16529.586666666666,2.045372050816697,0.3283671036948749,0.012825487066020607,1.7456140350877194,0.7877358490566038,0.8442211055276382,0.14150943396226415,2429.723148148148,20261.366666666665,77.31658291457286,1115
14146618,6,150,1829,1611,472,16277.68888888889,1.1353196772191185,0.46831395348837207,0.028996745374718767,7.653846153846154,0.2669491525423729,0.6331658291457286,0.00847457627118644,241.43905723905723,12013.4,105.7537688442211,1450
14151220,12,140,11894,12474,1892,17152.745,0.9535032868366202,0.5119008535784636,0.11030304478962406,3.491228070175439,0.09778012684989429,0.9296482412060302,0.01004228329809725,506.2861952861953,8238.5,119.75879396984925,1394
14155663,13,0,746,5880,1049,17239.957222222223,0.12687074829931974,0.8874132206459402,0.06084701872971262,3.1724137931034484,0.0877025738798856,0.6739130434782609,0.017159199237368923,577.5485428051002,7294.283333333334,80.0,1240
14158133,13,20,207,69,222,18830.23638888889,3.0,0.25,0.011789549287389454,2.324675324675325,0.34234234234234234,0.4301675977653631,0.11711711711711711,1179.8543071161048,14380.783333333333,105.1340782122905,1001
14167013,7,22,1999,934,1104,17662.244444444445,2.140256959314775,0.3184452778724855,0.06250621224683915,1.9801980198019802,0.17119565217391305,0.945,0.0,1430.5659128978223,35973.9,81.43,1009
14169174,8,73,1156,683,532,18835.65777777778,1.692532942898975,0.37139749864056554,0.02824430164725392,3.305084745762712,0.2349624060150376,0.6461538461538462,0.05639097744360902,1966.2234536082474,62032.85,106.50256410256411,1060
14170609,8,158,3589,4161,10902,18486.723611111112,0.8625330449411199,0.5369032258064517,0.5897205058795573,38.6,0.003577325261419923,0.20207253886010362,0.012016143826820766,31.961371527777775,546.8833333333333,94.07772020725389,976
14177844,4,30,3917,3643,963,16005.825555555555,1.0752127367554214,0.4818783068783069,0.06016559387439698,4.878048780487805,0.18795430944963656,0.945,0.01973001038421599,335.2258793969849,5191.95,125.19,1490
14178758,15,36,1998,1660,708,16111.801388888889,1.2036144578313253,0.45379989065062876,0.04394294485831081,2.2613636363636362,0.09463276836158192,0.3417085427135678,0.18220338983050846,864.559090909091,11138.0,72.4572864321608,758
14185487,11,55,425,253,415,20100.66277777778,1.6798418972332017,0.37315634218289084,0.020646085384746708,3.2830188679245285,0.30843373493975906,0.7471264367816092,0.060240963855421686,1561.3350674373796,23144.833333333332,78.84482758620689,1237
14185827,10,159,9048,9039,4,16370.121666666666,1.0009956853634252,0.4997512025211478,0.0002443476036066928,2.0,0.0,0.0,0.0,807.838888888889,2047.7,102.5,18
14196378,13,0,1965,862,73,16723.951666666668,2.2795823665893273,0.3049168730102582,0.004364997068575598,5.214285714285714,0.9863013698630136,0.9863013698630136,0.0,6961.605787037037,191315.41666666666,110.46575342465754,601
14200437,13,145,41544,40502,4422,15678.3675,1.02572712458644,0.4936499037125515,0.28204467078603684,8.863636363636363,0.013794663048394391,0.31794871794871793,0.029850746268656716,169.73573883161515,2455.05,89.11282051282052,727
14206085,10,138,8680,9660,4405,19974.69361111111,0.8985507246376812,0.5267175572519084,0.22052903968197426,5.7,0.03246311010215664,0.8538011695906432,0.009988649262202044,263.0722549019608,2702.3166666666666,121.6140350877193,1051
14212278,9,135,6115,6409,6169,18589.3375,0.9541270088937431,0.5117374640689876,0.3318569045292765,43.25,0.00907764629599611,0.3236994219653179,0.01847949424542065,25.761143410852714,226.96666666666667,80.58959537572254,961
14213042,14,109,7410,6949,880,15730.244166666667,1.066340480644697,0.4839473500940177,0.055943187573958504,3.3728813559322033,0.14545454545454545,0.6432160804020101,0.05795454545454545,917.3850168350168,20116.316666666666,77.05527638190955,1066
14213969,8,75,1241,890,43,16169.34,1.3943820224719101,0.41764429845143125,0.002659354061452106,1.5357142857142858,0.9767441860465116,0.9767441860465116,0.0,20064.268650793652,353738.06666666665,75.30232558139535,223
14216821,9,159,16784,15259,2426,18431.195555555554,1.0999410184153615,0.4762038510751178,0.13162466822553745,3.193548387096774,0.051112943116240726,0.6262626262626263,0.0247320692497939,522.1762267343486,3756.0666666666666,118.29292929292929,1564
14221134,5,0,163,431,1061,15883.67111111111,0.37819025522041766,0.7255892255892256,0.06679815973133554,1.7094017094017093,0.0763430725730443,0.41,0.08294062205466542,1801.4614740368509,16934.6,83.97,1041
14235401,12,129,18426,20269,13905,17100.735,0.9090729685726973,0.5238144463108929,0.8131229447155341,33.333333333333336,0.004027328299172959,0.295,7.191657677094571e-05,44.915159128978225,2409.6833333333334,90.52,755
14236327,12,156,9143,10177,190,19063.719722222224,0.8983983492188268,0.52675983436853,0.00996657539916098,2.5753424657534247,0.23157894736842105,0.2393617021276596,0.7368421052631579,3822.7865418894835,89646.71666666666,99.44148936170212,961
14239363,12,139,1181,940,981,16711.86527777778,1.2563829787234042,0.4431871758604432,0.058700808299625436,6.451612903225806,0.16309887869520898,0.805,0.010193679918450561,310.16323283082073,6299.383333333333,86.02,1229
14240899,11,80,525,155,20,19437.374722222223,3.3870967741935485,0.22794117647058823,0.0010289455384699941,1.1428571428571428,0.1,0.25,0.1,2151.454761904762,4321.3,46.0,20
14248266,9,88,8071,7425,5272,15721.29,1.087003367003367,0.4791559112028911,0.3353414382661982,9.090909090909092,0.006069802731411229,0.16,0.02333080424886191,651.3709380234505,77554.96666666666,113.28,1073
14249388,9,49,5355,5642,491,16526.986944444445,0.9491315136476427,0.513049013367282,0.029708984562673107,4.061224489795919,0.02240325865580448,0.06532663316582915,0.16089613034623218,1903.6705387205386,33082.35,83.63316582914572,531
14249798,14,77,211,917,854,18867.28583333333,0.2300981461286805,0.8129432624113475,0.045263532208284864,2.7777777777777777,0.03864168618266979,0.165,0.14754098360655737,628.8597989949749,4474.516666666666,82.42,947
14251168,10,117,8664,9067,4337,18621.369444444445,0.9555531046652697,0.5113642772545259,0.23290446027286751,2.3529411764705883,0.04611482591653217,1.0,0.002305741295826608,648.3439698492463,4794.55,80.055,1005
14252975,13,65,15237,14284,3902,16028.739444444445,1.0667180061607393,0.4838589478676197,0.24343773342403613,5.121212121212121,0.02716555612506407,0.6390532544378699,0.017683239364428498,287.4397817460317,3241.55,84.58579881656804,911
14253343,13,116,10324,9858,1465,16070.06111111111,1.0472712517752079,0.4884550589634328,0.09116331231541332,2.925373134328358,0.049146757679180884,0.3673469387755102,0.06484641638225255,656.0066666666667,11441.466666666667,98.28061224489795,1200
14255846,7,68,15529,16729,1751,15998.122222222222,0.9282682766453464,0.5186000372000744,0.10945034521412582,9.523809523809524,0.015419760137064534,0.135,0.10051399200456881,175.7889447236181,2971.5333333333333,56.62,467
14257808,10,114,3808,3558,2265,19966.089444444446,1.0702641933670602,0.48303013847407006,0.11344234464652442,16.666666666666668,0.08565121412803532,0.97,0.0026490066225165563,75.8965661641541,665.65,87.45,1197
14275501,10,44,2125,1982,1830,20011.05722222222,1.072149344096872,0.482590698806915,0.0914494411603496,12.5,0.08196721311475409,0.75,0.07431693989071038,105.84497487437187,1489.5833333333333,99.855,1125
14278708,11,34,3382,8113,259,15585.520833333334,0.4168618266978923,0.7057851239669422,0.01661798811664138,1.8181818181818181,0.15057915057915058,0.195,0.0694980694980695,2041.6107202680066,31015.633333333335,109.725,754
14278915,9,37,8729,7941,1225,15682.798333333334,1.0992318347815138,0.4763647270545891,0.07811105989906775,4.0625,0.019591836734693877,0.12307692307692308,0.03183673469387755,842.1069587628866,21680.3,96.43589743589743,516
14286401,10,118,9089,8690,1187,17449.051111111112,1.0459148446490218,0.488778896450869,0.06802662175962959,3.6346153846153846,0.11373209772535804,0.7566137566137566,0.04212299915754002,442.92269503546095,4769.833333333333,103.97883597883597,1324
14306558,11,0,657,431,54,16608.8875,1.5243619489559164,0.3961397058823529,0.0032512713449350536,1.5,0.2222222222222222,0.2222222222222222,0.18518518518518517,18792.717924528304,581133.8666666667,65.07407407407408,136
14310835,10,50,93,15,9,15469.780555555555,6.2,0.1388888888888889,0.0005817794226413828,3.0,1.0,1.0,0.0,116000.23958333333,927234.4166666666,120.11111111111111,69
14313986,11,158,14776,24169,18107,16199.988333333333,0.6113616616326699,0.6205931441776865,1.1177168543228375,16.083333333333332,0.00370022643176672,0.3471502590673575,0.006130225879494119,82.10208333333334,1632.6666666666667,105.68911917098445,1219
14317166,10,113,1329,846,169,15465.711388888889,1.570921985815603,0.3889655172413793,0.010927399053975334,2.223684210526316,0.5088757396449705,0.5088757396449705,0.25443786982248523,5521.8375,178505.76666666666,86.04733727810651,884
14317480,5,133,12439,12090,8931,16311.10861111111,1.0288668320926386,0.49288597170695914,0.547540955856073,4.555555555555555,0.008061807188444743,0.4451219512195122,0.012540588959802933,605.1736196319018,11463.116666666667,92.36585365853658,756
14323467,7,142,2298,2361,437,19216.94777777778,0.9733163913595934,0.5067611075338055,0.022740343838855665,2.3855421686746987,0.32494279176201374,0.7272727272727273,0.35469107551487417,1542.9476311336718,15779.333333333334,108.58585858585859,1318
14335577,7,159,3526,3341,1060,17982.786666666667,1.055372642921281,0.48652978010776177,0.058945258020818424,5.351351351351352,0.11509433962264151,0.6262626262626263,0.05377358490566038,356.38578680203045,10499.033333333333,101.43939393939394,1502
14338005,11,108,103,81,345,19796.727222222224,1.271604938271605,0.44021739130434784,0.017427122984890683,1.73,0.23478260869565218,0.47398843930635837,0.06666666666666667,2601.9886627906976,23067.583333333332,123.54335260115607,1137
14339170,10,155,12751,12523,3466,15365.310277777779,1.0182065000399265,0.49548943578380944,0.22557305627682211,7.363636363636363,0.024235429890363532,0.5432098765432098,0.03519907674552799,270.75527950310556,7333.466666666666,101.12345679012346,795
14348419,12,64,8131,14215,734,15244.565277777778,0.5720014069644741,0.6361317461738119,0.04814830640464129,7.407407407407407,0.2547683923705722,0.94,0.020435967302452316,411.5333333333333,8970.916666666666,70.09,1010
14351877,9,57,462,258,345,15645.44638888889,1.7906976744186047,0.35833333333333334,0.02205114455826666,2.3411764705882354,0.4463768115942029,0.7788944723618091,0.23478260869565218,1743.6732323232322,36795.23333333333,99.1859296482412,1206
14358053,13,96,3580,3255,700,15943.76861111111,1.0998463901689708,0.47622531089978054,0.04390429998539834,1.91,0.15571428571428572,0.5706806282722513,0.16285714285714287,1431.9567543859648,14558.316666666668,104.50785340314137,972
14364397,10,157,10790,10686,873,18403.91611111111,1.0097323600973236,0.4975786924939467,0.047435556363622976,5.074074074074074,0.0572737686139748,0.36496350364963503,0.08247422680412371,297.8830882352941,4284.933333333333,88.94160583941606,626
14365084,11,140,1994,1363,3128,15274.818055555555,1.462949376375642,0.4060172773309503,0.20478148994136955,3.42,0.013746803069053709,0.25146198830409355,0.025255754475703326,767.5916666666666,5920.383333333333,96.08187134502924,866
14365379,12,107,1759,1637,819,18612.195277777777,1.0745265729993891,0.482037691401649,0.04400340678661659,15.307692307692308,0.16727716727716727,0.6984924623115578,0.017094017094017096,85.88821548821548,799.1,124.61809045226131,1331
14367635,6,64,16288,14965,16228,15489.61638888889,1.0884062813230873,0.47883403193293445,1.0476695866813572,10.526315789473685,0.006716785802316983,0.55,0.0029578506285432584,128.1532663316583,1066.0833333333333,96.305,1181
14368027,15,0,711,287,8,15164.591944444444,2.4773519163763065,0.2875751503006012,0.0005275446928811562,1.3333333333333333,0.875,0.875,0.0,53978.49761904762,206502.6,120.5,53
14371266,9,49,1821,1393,380,16484.750555555554,1.3072505384063173,0.43341630367143746,0.023051607527778788,3.1587301587301586,0.08157894736842106,0.15577889447236182,0.16842105263157894,3213.3515993265996,106017.31666666667,95.64824120603015,781
14372559,11,81,985,1399,114,15575.834722222222,0.7040743388134382,0.5868288590604027,0.007319029896828251,2.196078431372549,0.9035087719298246,1.0446428571428572,0.3684210526315789,8398.070570570571,667204.0666666667,107.46428571428571,876
14373091,8,158,14481,14238,104,16175.291111111112,1.0170670037926675,0.49576935130053273,0.006429559708422215,2.2045454545454546,0.10576923076923077,0.1134020618556701,0.4230769230769231,6241.902951388889,198208.15,105.64948453608247,405
14378272,11,48,2267,2264,316,18369.543611111112,1.0013250883392226,0.4996689472522622,0.017202387097350766,2.0202020202020203,0.3924050632911392,0.62,0.12025316455696203,3415.457956448911,88186.2,90.06,1099
14379113,7,0,1569,1553,933,19302.025555555556,1.0103026400515132,0.4974375400384369,0.048336895903210615,9.523809523809524,0.1532690246516613,0.715,0.18971061093247588,245.19212730318256,5409.016666666666,84.465,1097
14387385,14,0,477,122,21,15932.039444444445,3.9098360655737703,0.2036727879799666,0.0013180986698675774,1.5,0.5238095238095238,0.5238095238095238,0.23809523809523808,47778.65833333333,518942.5,89.95238095238095,57
14388366,8,36,2473,2620,1208,18240.735,0.9438931297709924,0.5144315727469075,0.06622540155317207,2.763888888888889,0.11092715231788079,0.678391959798995,0.06870860927152318,1742.6212962962964,45454.9,89.54773869346734,1050
14391473,5,142,1446,948,135,15322.678055555556,1.5253164556962024,0.39598997493734334,0.008810470304899015,2.4339622641509435,0.48148148148148145,0.5038759689922481,0.5555555555555556,7178.150911458333,677158.6666666666,79.55038759689923,558
14392094,14,81,2701,2688,140,15107.87361111111,1.0048363095238095,0.49879383930228244,0.009266691236881727,3.5,0.08571428571428572,0.08571428571428572,0.7857142857142857,1663.3814148681056,27822.3,73.25714285714285,444
14394428,11,129,9558,8690,824,15886.88388888889,1.099884925201381,0.4762165716790881,0.051866684855442075,3.389830508474576,0.12985436893203883,0.54,0.14199029126213591,574.1479899497488,6794.166666666667,95.45,1045
14401806,13,84,34440,36584,1412,18787.793333333335,0.9413951454187623,0.5150934895246677,0.07515518054453085,2.3866666666666667,0.06444759206798867,0.5083798882681564,0.04603399433427762,1099.6145131086141,7306.7,106.45251396648045,1016
14404371,7,71,827,729,268,15531.3075,1.1344307270233196,0.4685089974293059,0.017255469315767522,2.9393939393939394,0.585820895522388,0.8298969072164949,0.048507462686567165,2337.388687392055,30468.016666666666,102.39690721649484,1087
14405120,8,16,1402,793,230,18979.483888888888,1.7679697351828498,0.3612756264236902,0.012118348493904427,1.2903225806451613,0.8391304347826087,0.965,0.0,3383.3612227805693,104232.76666666666,91.76,977
14405773,15,37,272,90,35,16096.771666666667,3.022222222222222,0.24861878453038674,0.0021743490387254667,1.1666666666666667,0.6285714285714286,0.6571428571428571,0.05714285714285714,28379.558333333334,331419.7833333333,75.0,274
14417392,8,54,2721,3201,375,15013.455277777777,0.8500468603561387,0.5405268490374874,0.0249775946350643,2.4146341463414633,0.16266666666666665,0.30808080808080807,0.16,3573.2732656514386,226349.21666666667,91.95959595959596,941
14426942,11,137,12095,11088,4377,15390.837777777779,1.0908189033189033,0.4782814993745417,0.28438997689390094,5.882352941176471,0.015764222069910898,0.355,0.02878684030157642,349.1731155778894,11688.266666666666,76.165,613
14429823,9,88,68111,64817,15208,18692.2125,1.0508200009256832,0.4876098338950409,0.8136008511565979,18.181818181818183,0.008087848500789058,0.615,0.005720673329826407,71.9642378559464,733.6333333333333,65.54,660
14433036,11,88,2635,2451,260,15780.39138888889,1.0750713994288046,0.48191112858828156,0.01647614394298663,2.211764705882353,0.06153846153846154,0.0851063829787234,0.1,3314.3985739750447,168445.58333333334,83.72872340425532,704
14435478,12,147,10232,9307,595,15079.574444444444,1.0993875577522294,0.4763293924970572,0.0394573469027309,2.732394366197183,0.15798319327731092,0.5,0.12773109243697478,568.8400690846287,3092.633333333333,95.64432989690722,970
14439302,9,96,2001,1744,5731,17019.58916666667,1.147362385321101,0.46568758344459277,0.3367296321831505,8.333333333333334,0.03297853777700227,0.945,0.0019193857965451055,175.22026800670017,2695.05,112.54,1479
14444226,10,88,5531,5025,383,16165.004722222222,1.1006965174129353,0.47603258810155363,0.02369315732234123,2.0,0.5013054830287206,0.965,0.028720626631853787,2263.960217755444,53186.35,67.7,1224
14449469,10,0,1253,709,14,16886.329444444444,1.767277856135402,0.3613659531090724,0.0008290730111632378,1.1666666666666667,1.0,1.0,0.0,6500.832051282051,30202.7,95.42857142857143,145
14449487,14,0,1203,146,3,16716.09527777778,8.23972602739726,0.10822831727205337,0.00017946774950416633,1.0,1.0,1.0,0.0,5736.966666666666,7533.016666666666,123.0,27
14451294,11,89,54579,52016,13644,17616.594722222224,1.049273300522916,0.48797786012477135,0.7744970134772389,6.333333333333333,0.008648490178833186,0.7076023391812866,0.003884491351509821,233.30696078431373,2404.5833333333335,100.71345029239767,804
14451520,9,24,2000,1566,87,16388.506388888887,1.277139208173691,0.4391475042063937,0.005308598473560985,2.515151515151515,0.1839080459770115,0.1927710843373494,0.05747126436781609,11983.201016260162,297634.2833333333,61.24096385542169,243
14453409,14,90,2039,1853,46,19007.826944444445,1.1003777657852132,0.4761048304213772,0.0024200557030768185,1.5,0.5652173913043478,0.6,0.043478260869565216,10305.12462121212,95102.25,101.88888888888889,391
14453620,11,150,6533,6261,1728,15433.814166666667,1.0434435393707076,0.4893700171955604,0.11196195453305802,5.324324324324325,0.02488425925925926,0.2182741116751269,0.01099537037037037,302.83562925170065,6810.05,108.49238578680203,903
14453833,12,10,2314,2352,703,17404.567222222224,0.983843537414966,0.5040720102871838,0.04039169667502026,3.4107142857142856,0.041251778093883355,0.1518324607329843,0.15647226173541964,594.335701754386,8789.1,98.19895287958116,987
14457457,10,111,3710,3879,3369,14913.284166666666,0.9564320701211653,0.5111345368296218,0.22590597499175932,6.466666666666667,0.01543484713564856,0.26804123711340205,0.032056990204808546,272.4822970639033,4294.7,71.07731958762886,696
